Title,Seller
1917 [DVD],None
Abominable [DVD],None
Despicable Me 3,None
"Downton Abbey (Movie, 2019) [DVD]",None
Fast & Furious 8-Movie Collection,None
Fifty Shades: 3-Movie Collection,None
Green Book [DVD],None
Halloween (2018) [DVD],None
Happy Death Day 2U [DVD],None
Fast & Furious Presents: Hobbs & Shaw,None
How To Train Your Dragon: 3-Movie Collection,None
Jason Bourne [DVD],None
Jurassic World,None
Jurassic World 5-Movie Collection [DVD],None
Jurassic World: Fallen Kingdom [DVD],None
Mamma Mia! Here We Go Again,None
Minions,None
Pitch Perfect Trilogy [DVD],None
Sing,None
The Fate of the Furious,None
The First Purge [DVD],None
Illumination Presents: Dr. Seuss' The Grinch,None
The Secret Life of Pets [DVD],None
The Secret Life of Pets 2 [DVD],None
Us [DVD],None
The Invisible Man (2020) [DVD],None
Emma (2020) [DVD],None
Trolls World Tour,None
The Hunt [DVD],None
Trolls / Trolls World Tour 2-Movie Collection [DVD],None
Yesterday [DVD],None
Illumination Presents: 2-Movie Pack (Sing / The Secret Life of Pets),None
Freaky - Killer Switch Edition [DVD],None
The Croods: A New Age [DVD],None
All My Life [DVD],None
Half Brothers [DVD],None
Promising Young Woman [DVD],None
News of the World [DVD],None
Let Him Go [DVD],None
A Dog's Journey / A Dog's Purpose 2-Movie Collection [DVD],None
Dolittle [DVD],None
Neighbors 2: Sorority Rising,None
The House with a Clock in Its Walls / Casper Double Feature [DVD],None
Glass [DVD],None
Mortal Engines [DVD],None
Pitch Perfect 3,None
The Boss Baby [DVD],None
Shrek: The Ultimate Collection [DVD],None
Skyscraper [DVD],None
Nobody [DVD],None
Boogie [DVD],None